{
  "lang":"xcl",
  "name":"pipeline",
  "version":"0.0.0",
  "spacy_version":">=3.7.4,<3.8.0",
  "description":"",
  "author":"",
  "email":"",
  "url":"",
  "license":"",
  "spacy_git_version":"bff8725f4",
  "vectors":{
    "width":100,
    "vectors":81763,
    "keys":81763,
    "name":"xcl_pipeline.vectors",
    "mode":"default"
  },
  "labels":{
    "tok2vec":[

    ],
    "parser":[
      "ROOT",
      "acl",
      "advcl",
      "advmod",
      "amod",
      "appos",
      "aux",
      "case",
      "cc",
      "ccomp",
      "conj",
      "cop",
      "csubj",
      "dep",
      "det",
      "discourse",
      "fixed",
      "flat:name",
      "iobj",
      "mark",
      "nmod",
      "nsubj",
      "nsubj:caus",
      "nsubj:pass",
      "nummod",
      "obj",
      "obl",
      "obl:agent",
      "obl:arg",
      "orphan",
      "parataxis",
      "punct",
      "vocative",
      "xcomp"
    ]
  },
  "pipeline":[
    "tok2vec",
    "parser"
  ],
  "components":[
    "tok2vec",
    "parser"
  ],
  "disabled":[

  ],
  "performance":{
    "dep_uas":0.467716308,
    "dep_las":0.4291492128,
    "dep_las_per_type":{
      "case":{
        "p":0.9230769231,
        "r":0.2462686567,
        "f":0.3888070692
      },
      "obl":{
        "p":0.7075098814,
        "r":0.3558648111,
        "f":0.4735449735
      },
      "det":{
        "p":0.8115942029,
        "r":0.1005385996,
        "f":0.178913738
      },
      "root":{
        "p":0.7961432507,
        "r":0.703163017,
        "f":0.7467700258
      },
      "nsubj":{
        "p":0.7598944591,
        "r":0.4982698962,
        "f":0.6018808777
      },
      "appos":{
        "p":0.3076923077,
        "r":0.0975609756,
        "f":0.1481481481
      },
      "xcomp":{
        "p":0.6442307692,
        "r":0.6036036036,
        "f":0.623255814
      },
      "nmod":{
        "p":0.6624203822,
        "r":0.2946175637,
        "f":0.4078431373
      },
      "cc":{
        "p":0.8635477583,
        "r":0.6836419753,
        "f":0.7631352283
      },
      "conj":{
        "p":0.4895522388,
        "r":0.3504273504,
        "f":0.4084682441
      },
      "ccomp":{
        "p":0.6105263158,
        "r":0.4249084249,
        "f":0.5010799136
      },
      "mark":{
        "p":0.8253424658,
        "r":0.7554858934,
        "f":0.7888707038
      },
      "advcl":{
        "p":0.6138613861,
        "r":0.4492753623,
        "f":0.5188284519
      },
      "aux":{
        "p":0.9393939394,
        "r":0.62,
        "f":0.7469879518
      },
      "cop":{
        "p":0.695035461,
        "r":0.5104166667,
        "f":0.5885885886
      },
      "acl":{
        "p":0.4166666667,
        "r":0.1550387597,
        "f":0.2259887006
      },
      "fixed":{
        "p":0.9024390244,
        "r":0.7254901961,
        "f":0.8043478261
      },
      "orphan":{
        "p":0.0,
        "r":0.0,
        "f":0.0
      },
      "obj":{
        "p":0.672,
        "r":0.181425486,
        "f":0.2857142857
      },
      "amod":{
        "p":0.5128205128,
        "r":0.2247191011,
        "f":0.3125
      },
      "advmod":{
        "p":0.7575757576,
        "r":0.6006006006,
        "f":0.6700167504
      },
      "obl:agent":{
        "p":0.5,
        "r":0.125,
        "f":0.2
      },
      "obl:arg":{
        "p":0.3333333333,
        "r":0.0119047619,
        "f":0.0229885057
      },
      "vocative":{
        "p":0.6,
        "r":0.2068965517,
        "f":0.3076923077
      },
      "iobj":{
        "p":0.8165137615,
        "r":0.4810810811,
        "f":0.6054421769
      },
      "discourse":{
        "p":0.6923076923,
        "r":0.4864864865,
        "f":0.5714285714
      },
      "nsubj:pass":{
        "p":0.25,
        "r":0.1111111111,
        "f":0.1538461538
      },
      "csubj":{
        "p":0.5384615385,
        "r":0.2,
        "f":0.2916666667
      },
      "flat:name":{
        "p":0.0,
        "r":0.0,
        "f":0.0
      },
      "nummod":{
        "p":0.6363636364,
        "r":0.3043478261,
        "f":0.4117647059
      },
      "dep":{
        "p":0.0,
        "r":0.0,
        "f":0.0
      },
      "parataxis":{
        "p":0.7333333333,
        "r":0.5238095238,
        "f":0.6111111111
      },
      "compound:redup":{
        "p":0.0,
        "r":0.0,
        "f":0.0
      },
      "csubj:pass":{
        "p":0.0,
        "r":0.0,
        "f":0.0
      },
      "nsubj:caus":{
        "p":1.0,
        "r":0.125,
        "f":0.2222222222
      },
      "aux:caus":{
        "p":0.0,
        "r":0.0,
        "f":0.0
      },
      "compound":{
        "p":0.0,
        "r":0.0,
        "f":0.0
      },
      "flat":{
        "p":0.0,
        "r":0.0,
        "f":0.0
      }
    },
    "sents_p":0.4853932584,
    "sents_r":0.5255474453,
    "sents_f":0.5046728972,
    "tok2vec_loss":19651.7754511945,
    "parser_loss":14465.3376458074
  }
}